,name,link,category,sub-category,oily-face,dry-skin,mixture,normal,sensetive,spot(Blemishes),winkle,boil(pore),eye-bag,face-btightness,control-skin-oil,reduce-wrinkle,dryness,reduce-boil,Highlights,redness,dullness,dark-spots
0,Superberry Hydrate + Glow Dream Mask with Vitamin C,https://www.sephora.com/product/superberry-hydrate-glow-dream-mask-P440307?skuId=2180941&icid2=skugrid:p440307:product,Moisturizers,Night cream ,0,5,5,5,0,0,0,0,0,0,0.0,5.0,5,0,Vitamin C,,,
1,Natural Moisturizing Factors + HA,https://www.sephora.com/product/the-ordinary-deciem-natural-moisturizing-factors-ha-P427414?skuId=2031425&icid2=skugrid:p427414:product,Moisturizers,Face oil,5,5,5,5,5,0,0,0,0,0,0.0,0.0,5,0,"Vegan - Gluten Free
- Without Silicones
",,,
2,CC+ Cream with SPF 50+,https://www.sephora.com/product/your-skin-but-better-cc-cream-spf-50-P411885?skuId=1868157&icid2=skugrid:p411885:product,Moisturizers,BB & CC creams,5,5,5,5,0,0,0,0,0,0,0.0,4.0,4,0,,,,
3,"Superfood Antioxidant Cleanser
",https://www.sephora.com/product/kale-spinach-green-tea-age-prevention-cleanser-P411387?skuId=1863588&icid2=skugrid:p411387:product,Cleansers,Face wash & cleansers,5,0,5,5,0,5,0,5,0,0,0.0,0.0,0,0,Vegan,,,
4,"Green Clean Makeup Removing Cleansing Balm
",https://www.sephora.com/product/green-clean-makeup-meltaway-cleansing-balm-P417238?skuId=1899103&keyword=Makeup%20removers%20Pharmacy,Cleansers,Makeup removers ,5,0,5,5,0,0,0,0,0,0,0.0,0.0,5,0,"vegan, gluten-free",,,
5,Watermelon Glow PHA +BHA Pore-Tight Toner,https://www.sephora.com/product/glow-recipe-watermelon-glow-pha-bha-pore-tight-toner-P458219?skuId=2348431&icid2=skugrid:p458219:product,Cleansers,Toners,5,5,5,5,0,0,0,5,0,0,0.0,0.0,5,0,,,,
6,Niacinamide 10% + Zinc 1% Oil Control Serum ,https://www.sephora.com/product/the-ordinary-deciem-niacinamide-10-zinc-1-P427417?skuId=2031391&icid2=skugrid:p427417:product,Treatments,Face serums,5,5,5,5,0,0,0,5,0,0,5.0,0.0,0,0,"Vegan, Oil Free
",,,
7,Watermelon Glow PHA +BHA Pore-Tight Toner,https://www.sephora.com/product/glow-recipe-watermelon-glow-pha-bha-pore-tight-toner-P458219?skuId=2348431&keyword=Acne%20treatments%20Glow%20recipe,Treatments,Acne treatments,5,5,5,5,0,0,0,5,0,0,0.0,0.0,5,0,vegan,,,
8,AHA 30% + BHA 2% Exfoliating Peeling Solution,https://www.sephora.com/product/aha-30-bha-2-peeling-solution-P442563?skuId=2210607&keyword=Facial%20peels%20%20Ordinary,Treatments,Facial peels ,5,0,5,5,0,0,0,0,0,0,0.0,0.0,0,0,"Vegan, Oil Free
",,,
9,Yerba Mate Resurfacing + Exfoliating Energy Facial with Enzymes + Niacinamide,https://www.sephora.com/product/youth-to-the-people-yerba-mate-fruit-enzyme-high-caffeine-resurfacing-facial-P455934?skuId=2339810&icid2=skugrid:p455934:product,Masks,Face masks,5,0,5,0,0,0,0,5,0,0,0.0,0.0,0,0,,,,
10,Clean Bubble Mask,https://www.sephora.com/product/sephora-collection-clean-bubble-mask-P461197?skuId=2282937&icid2=skugrid:p461197:product,Masks,Sheet Masks,5,5,5,5,0,5,0,5,0,0,5.0,0.0,0,0,vegan,,,
11,Clean Eye Mask,https://www.sephora.com/product/sephora-collection-clean-eye-mask-P460856?skuId=2283018&icid2=skugrid:p460856:product,Masks,Eye masks,5,5,5,5,0,0,0,0,5,0,0.0,0.0,5,0,vegan,,,
12,Caffeine Eye Cream,https://www.sephora.com/product/caffeine-eye-cream-P443840?skuId=2211514&icid2=skugrid:p443840:product,Eye Care,Eye treatments ,5,5,5,5,0,0,0,0,0,0,0.0,5.0,5,0,cruelty-free,,,
13,Niacinamide 10% + Zinc 1% Oil Control Serum,https://www.sephora.com/product/the-ordinary-deciem-niacinamide-10-zinc-1-P427417?skuId=2031391,"Acne & Blemishes
",concerns,5,5,5,5,0,5,0,0,0,3,5.0,0.0,0,5,- Niacinamide (Vitamin B3,,0.0,0.0
14,Azelaic Acid 10% Suspension Brightening Cream,https://www.sephora.com/product/the-ordinary-deciem-azelaic-acid-suspension-10-P427411?skuId=2031458,Acne & Blemishes,concerns,5,5,5,5,0,4,0,4,0,5,5.0,0.0,0,4,Free of parabens,3.0,5.0,0.0
15,"Watermelon Pink Juice Oil-Free Moisturizer
",https://www.sephora.com/product/watermelon-pink-juice-moisturizer-P428819?skuId=2049286,Acne & Blemishes,concerns,5,5,5,5,0,3,5,3,0,3,5.0,0.0,0,2,vegan,5.0,0.0,0.0
16,"Watermelon Glow PHA +BHA Pore-Tight Toner
",https://www.sephora.com/product/glow-recipe-watermelon-glow-pha-bha-pore-tight-toner-P458219?skuId=2348431,Acne & Blemishes,concerns,5,5,5,5,0,0,0,0,0,3,5.0,0.0,0,0,vegan,0.0,0.0,0.0
17,Salicylic Acid Acne Healing Dots,https://www.sephora.com/product/acne-healing-dots-P421275?skuId=1962141,Acne & Blemishes,concerns,5,5,5,5,0,5,0,4,0,0,3.0,0.0,0,4, Salicylic Acid,5.0,0.0,0.0
18,Salicylic Acid Acne Treatment Serum,https://www.sephora.com/product/peace-out-salicylic-acid-acne-treatment-serum-P460509?skuId=2369031,Acne & Blemishes,concerns,5,5,5,5,0,5,0,5,0,5,5.0,0.0,0,4,Niacinamide and Vitamin C  Salicylic Acid 2%,0.0,0.0,0.0
19,Oil-Absorbing Pore Treatment Strips,https://www.sephora.com/product/peace-out-pores-P428250?skuId=2026391,Acne & Blemishes,concerns,5,5,5,5,0,5,0,5,0,0,5.0,0.0,0,4,Hydrocolloid Polymer Technology,0.0,0.0,0.0
20,The Deep Cleanse Gentle Exfoliating Cleanser,https://www.sephora.com/product/the-deep-cleanse-P427536?skuId=2468916,Acne & Blemishes,concerns,5,0,5,5,5,5,0,5,0,0,5.0,0.0,0,5,,0.0,5.0,0.0
21,Soy Makeup Removing Face Wash,https://www.sephora.com/product/soy-face-cleanser-P7880?skuId=2367829,Acne & Blemishes,concerns,5,5,5,5,0,0,0,0,0,3,0.0,0.0,5,0,,5.0,5.0,0.0
22,Umbrian Clay Pore Purifying Face Exfoliator,https://www.sephora.com/product/umbrian-clay-mattifying-face-exfoliant-P379065?skuId=1524073,Acne & Blemishes,concerns,5,5,5,5,0,5,0,5,0,0,5.0,0.0,0,4,Natural Bamboo and Olive Exfoliants,0.0,5.0,0.0
23,Mini Umbrian Clay Pore Purifying Face Mask,https://www.sephora.com/product/umbrian-clay-purifying-mask-mini-P426822?skuId=1822709,Acne & Blemishes,concerns,5,5,5,5,0,5,0,5,0,0,5.0,0.0,0,5,Free of sulfates SLS and SLES,0.0,5.0,0.0
24,Umbrian Clay Purifying Treatment Bar,https://www.sephora.com/product/umbrian-clay-purifying-treatment-bar-P7843?skuId=445478,Acne & Blemishes,concerns,0,5,5,5,0,5,0,3,0,0,5.0,0.0,0,3,,0.0,0.0,0.0
25,Umbrian Clay Pore Purifying Face Mask,https://www.sephora.com/product/umbrian-clay-purifying-mask-P54104?skuId=1822691,Acne & Blemishes,concerns,5,5,5,5,0,5,0,4,0,0,5.0,0.0,0,4,Umbrian Clay Sandalwood Oil ,0.0,5.0,0.0
26,Umbrian Clay Purifying Facial Toner,https://www.sephora.com/product/umbrian-clay-purifying-facial-toner-P408643?skuId=1822683,Acne & Blemishes,concerns,5,5,5,5,5,5,0,5,0,0,4.0,0.0,0,4,,0.0,5.0,0.0
27,T.L.C. Sukari Babyfacial™ AHA + BHA Mask,https://www.sephora.com/product/t-l-c-sukari-babyfacial-P415777?skuId=1912385,Acne & Blemishes,concerns,5,5,5,5,0,5,5,5,0,0,5.0,4.0,0,4,Salicylic Acid (BHA),0.0,5.0,0.0
28,T.L.C. Framboos™ Glycolic Resurfacing Night Serum,https://www.sephora.com/product/t-l-c-framboos-tm-glycolic-night-serum-P392246?skuId=2427714,Acne & Blemishes,concerns,5,5,5,5,0,5,5,5,0,0,4.0,4.0,0,4,Raspberry Fruit Extract,0.0,5.0,0.0
29,B-Hydra™ Intensive Hydration Serum,https://www.sephora.com/product/b-hydra-intensive-hydration-gel-P406712?skuId=1785856,Acne & Blemishes,concerns,5,5,5,5,0,0,5,0,0,3,0.0,5.0,5,0,Provitamin B5,0.0,5.0,0.0
30,C-Firma™ Fresh Day Serum,https://www.sephora.com/product/c-firma-day-serum-P400259?skuId=2464949,Acne & Blemishes,concerns,5,5,5,5,0,0,5,0,0,5,0.0,5.0,0,0,vegan,0.0,5.0,0.0
31,Baby Pekee Bar™ + Juju Bar Travel Duo,https://www.sephora.com/product/baby-pekee-bar-tm-juju-bar-tm-travel-duo-P405584?skuId=1802909,Acne & Blemishes,concerns,5,5,5,5,0,0,0,0,3,5,3.0,2.0,0,0,,0.0,0.0,0.0
32,JuJu Exfoliating Bar,https://www.sephora.com/product/juju-bar-P392249?skuId=1679273,Acne & Blemishes,concerns,5,5,5,5,0,3,0,4,0,2,5.0,0.0,0,5,,0.0,0.0,5.0
33,Therapeutic Sulfur Acne Treatment Mask,https://www.sephora.com/product/therapeutic-sulfur-masque-acne-treatment-masque-P3617?skuId=1446178,Acne & Blemishes,concerns,5,0,5,5,0,5,0,5,0,0,5.0,0.0,0,5,,0.0,0.0,3.0
34,Goodbye Acne ™ Complete Acne Treatment Gel,https://www.sephora.com/product/peter-thomas-roth-goodbye-acne-trade-complete-acne-treatment-gel-P474079?skuId=2464329,Acne & Blemishes,concerns,5,5,5,5,0,5,0,5,0,0,5.0,0.0,0,5,Salicylic Acid 2%   Cream,0.0,0.0,3.0
35,Goodbye Acne™ AHA/BHA Acne Clearing Gel Face Body Spot Treatment,https://www.sephora.com/product/aha-bha-acne-clearing-gel-P3550?skuId=1451038,Acne & Blemishes,concerns,5,5,5,5,0,5,0,5,0,0,5.0,0.0,0,5,Lightweight Gel,0.0,0.0,3.0
36,Max Complexion Salicylic Acid Pore Refining Pads,https://www.sephora.com/product/max-complexion-correction-pads-P114902?skuId=784603,Acne & Blemishes,concerns,5,0,5,5,0,5,0,5,0,0,0.0,0.0,0,5,Glycolic Acid Complex 10%,0.0,0.0,3.0
37,Acne-Clear Invisible Dots,https://www.sephora.com/product/acne-clear-invisible-dots-P399932?skuId=1737774,Acne & Blemishes,concerns,5,5,5,5,0,5,0,5,0,0,5.0,0.0,0,5,"0.5 Percent Salicylic Acid (BHA), Tea Tree Oil,Hyaluronic Acid",0.0,0.0,
38,Acne Control Clarifying Cleanser,https://www.sephora.com/product/clarifying-cleanser-P4016?skuId=654228,Acne & Blemishes,concerns,5,5,5,5,5,5,0,5,0,0,5.0,0.0,0,5,powerful cleanser,0.0,0.0,3.0
39,InvisiScar Post-Acne Resurfacing Treatment,https://www.sephora.com/product/invisiscar-resurfacing-treatment-P446423?skuId=2255289,Acne & Blemishes,concerns,5,5,5,5,0,5,0,5,0,0,3.0,0.0,0,4,"Salicylic Acid Exfoliant, cream ",5.0,0.0,3.0
40,Skin Perfecting Lotion - Blemish Prone/Oily Skin,https://www.sephora.com/product/skin-perfecting-lotion-blemish-prone-oily-skin-P4050?skuId=654301,Acne & Blemishes,concerns,5,0,5,5,0,5,0,5,0,0,5.0,0.0,0,5,An oil-free moisturizer,0.0,0.0,3.0
41,Outsmart Acne Clarifying Treatment,https://www.sephora.com/product/outsmart-acne-clarifying-treatment-P433143?skuId=2070944,Acne & Blemishes,concerns,5,5,5,5,0,5,0,5,0,0,5.0,0.0,0,5,A powerful treatment,0.0,0.0,5.0
42,Acne Control Clarifying Cream Cleanser,https://www.sephora.com/product/time-release-acne-cleanser-P254720?skuId=2377422,Acne & Blemishes,concerns,5,5,0,5,0,5,0,5,0,0,5.0,0.0,0,5,Salicylic Acid 0.5%,0.0,0.0,4.0
43,Rapid Relief Acne Spot Treatment,https://www.sephora.com/product/rapid-relief-acne-spot-treatment-P421432?skuId=1933100,Acne & Blemishes,concerns,5,5,5,5,0,5,0,5,0,0,5.0,0.0,0,5,Gel,0.0,0.0,0.0
44,EradiKate™ Acne Treatment,https://www.sephora.com/product/eradikate-acne-treatment-P232903?skuId=1167147,Acne & Blemishes,concerns,5,5,5,5,0,5,0,5,0,0,5.0,0.0,0,5,Mask,0.0,0.0,4.0
45,Anti Bac Acne Clearing Lotion,https://www.sephora.com/product/anti-bac-clearing-lotion-P232907?skuId=1167139,Acne & Blemishes,concerns,5,0,5,5,0,5,0,5,0,0,5.0,0.0,0,5,Lightweight Lotion,0.0,0.0,3.0
46,EradiKate® Daily Cleanser Acne Treatment,https://www.sephora.com/product/eradikate-daily-cleanser-acne-treatment-P415667?skuId=1906106,Acne & Blemishes,concerns,5,5,5,5,0,5,0,5,0,0,5.0,0.0,0,5,Cream,0.0,0.0,3.0
47,Ready Steady Glow Daily AHA Toner,https://www.sephora.com/product/ready-steady-glow-daily-aha-tonic-P428095?skuId=2046639,Acne & Blemishes,concerns,5,5,5,5,0,5,0,5,0,0,5.0,0.0,0,5,Lightweight Liquid,0.0,0.0,5.0
48,Buffet Anti-Aging Serum,https://www.sephora.com/product/the-ordinary-deciem-buffet-P427420?skuId=2031367,anti aging ,concerns,5,5,5,5,0,0,4,0,0,0,0.0,5.0,5,0,Serum,0.0,5.0,0.0
49,Granactive Retinoid* 2% Emulsion,https://www.sephora.com/product/the-ordinary-deciem-granactive-retinoid-2-emulsion-P427418?skuId=2031383,anti aging ,concerns,5,5,5,5,5,0,5,0,0,0,0.0,5.0,0,0,,0.0,5.0,0.0
50,The Dewy Skin Cream Plumping & Hydrating Moisturizer,https://www.sephora.com/product/the-dewy-skin-cream-P441101?skuId=2181006,anti aging ,concerns,0,5,0,5,0,0,5,0,0,0,0.0,0.0,5,0,Rich Cream,0.0,5.0,0.0
51,The Water Cream Oil-Free Pore Minimizing Moisturizer,https://www.sephora.com/product/the-water-cream-P418218?skuId=1932920,anti aging ,concerns,5,0,5,5,5,5,5,5,0,0,3.0,5.0,4,0,"An oil-free, anti-aging water cream",0.0,5.0,0.0
52,Luminous Dewy Skin Mist,https://www.sephora.com/product/luminous-dewy-skin-mist-P399623?skuId=1742337,anti aging ,concerns,0,5,5,5,5,0,5,0,0,0,0.0,5.0,0,0,"A silky, fine mist moisturizer",0.0,0.0,0.0
53,Superfood Antioxidant Cleanser,https://www.sephora.com/product/kale-spinach-green-tea-age-prevention-cleanser-P411387?skuId=1863588,anti aging ,concerns,5,5,5,5,0,5,5,0,0,0,0.0,5.0,0,0,Rich Gel,0.0,0.0,0.0
54,Alpha Beta® Extra Strength Daily Peel,https://www.sephora.com/product/alpha-beta-peel-extra-strength-daily-peel-P269122?skuId=1499482,anti aging ,concerns,5,5,5,5,0,5,5,5,0,0,3.0,5.0,3,3,Wipes,0.0,5.0,0.0
55,Alpha Beta® Universal Daily Peel,https://www.sephora.com/product/alpha-beta-universal-daily-peel-P377533?skuId=1499474,anti aging ,concerns,5,5,5,5,0,5,5,0,0,0,0.0,5.0,0,0,Wipes,0.0,5.0,0.0
56,Good Genes All-In-One AHA Lactic Acid Treatment,https://www.sephora.com/product/good-genes-all-in-one-lactic-acid-treatment-P309308?skuId=1887298,anti aging ,concerns,5,5,5,5,0,0,5,5,0,0,0.0,5.0,0,0,Purified Lactic Acid,0.0,0.0,5.0
57,Luna Sleeping Retinoid Night Oil,https://www.sephora.com/product/luna-sleeping-night-oil-P393718?skuId=1681881,anti aging ,concerns,5,5,5,5,0,0,5,5,0,0,2.0,5.0,0,0,Lightweight Oil,5.0,0.0,0.0
58,Ceramic Slip French Green Clay Cleanser,https://www.sephora.com/product/ceramic-slip-clay-cleanser-P309310?skuId=2148476,anti aging ,concerns,5,5,5,5,0,0,0,3,0,0,5.0,0.0,5,3,without Parabens,5.0,0.0,0.0
59,Soy Makeup Removing Face Wash,https://www.sephora.com/product/soy-face-cleanser-P7880?skuId=2367829,anti aging ,concerns,5,5,5,5,0,0,5,0,0,0,0.0,5.0,5,0,Lightweight Cream,0.0,5.0,0.0
60,Lotus Anti-Aging Night Moisturizer,https://www.sephora.com/product/lotus-youth-preserve-dream-face-cream-P440312?skuId=2175560,anti aging ,concerns,5,5,5,5,0,0,5,0,0,0,0.0,0.0,5,0,Lightweight Cream,0.0,5.0,0.0
61,Rose & Hyaluronic Acid Deep Hydration Toner,https://www.sephora.com/product/rose-deep-hydration-facial-toner-P417936?skuId=1924901,anti aging ,concerns,5,5,5,5,0,0,5,0,0,0,0.0,5.0,0,0,Lightweight Liquid,0.0,5.0,0.0
62,Rose Deep Hydration Sleeping Mask,https://www.sephora.com/product/rose-deep-hydration-sleeping-mask-P442858?skuId=2211167,anti aging ,concerns,5,5,5,5,0,0,5,0,0,0,0.0,5.0,5,0,Mask,0.0,5.0,0.0
63,Kombucha Antioxidant Facial Treatment Essence,https://www.sephora.com/product/black-tea-kombucha-facial-treatment-essence-P428628?skuId=2044949,anti aging ,concerns,5,5,5,5,0,0,5,0,0,0,3.0,5.0,4,0,Lightweight Liquid,0.0,5.0,5.0
64,Rose Face Mask,https://www.sephora.com/product/rose-face-mask-P12336?skuId=562090,anti aging ,concerns,5,5,5,5,0,0,5,0,0,0,0.0,5.0,0,0,Lightweight Mask,0.0,0.0,0.0
65,Seaberry Moisturizing Face Oil,https://www.sephora.com/product/seaberry-moisturizing-face-oil-P374948?skuId=1448745,anti aging ,concerns,5,5,5,5,0,0,5,0,0,0,0.0,5.0,0,0,Oil,0.0,5.0,0.0
66,Estee Lauder Advanced Night Repair Synchronized Multi-Recovery Complex Serum,https://www.sephora.com/product/estee-lauder-advanced-night-repair-synchronized-multi-recovery-complex-P461159?skuId=2379683,anti aging ,concerns,5,5,5,5,0,5,5,0,0,4,0.0,5.0,0,0,Serum,0.0,5.0,0.0
67,Avocado Melt Retinol Eye Sleeping Mask,https://www.sephora.com/product/avocado-melt-retinol-eye-sleeping-mask-P447791?skuId=2266708,anti aging ,concerns,5,5,5,5,0,0,0,0,0,0,0.0,0.0,5,0,Rich Cream,0.0,5.0,0.0
68,Honey Potion Renewing Antioxidant Hydration Mask,https://www.sephora.com/product/honey-potion-renewing-antioxidant-hydration-mask-with-echinacea-greenenvy-P410873?skuId=1846435,anti aging ,concerns,5,5,5,5,0,0,5,0,0,0,0.0,5.0,5,0,Mask,0.0,0.0,0.0
69,A-Passioni™ Retinol Cream,https://www.sephora.com/product/a-passioni-retinol-cream-P439926?skuId=2429694,anti aging ,concerns,5,5,5,5,0,0,5,0,0,0,0.0,5.0,5,0,Cream,0.0,0.0,5.0
70,D-Bronzi™ Anti-Pollution Bronzing Drops,https://www.sephora.com/product/d-bronzi-tm-anti-pollution-sunshine-serum-P432668?skuId=2404721,anti aging ,concerns,5,5,5,5,0,0,5,0,0,0,0.0,5.0,5,0,Lightweight Liquid,0.0,5.0,5.0
71,B-Hydra™ Intensive Hydration Serum,https://www.sephora.com/product/b-hydra-intensive-hydration-gel-P406712?skuId=1785856,anti aging ,concerns,5,5,5,5,0,0,5,0,0,0,0.0,5.0,5,0,Lightweight Serum,0.0,5.0,
72,T.L.C. Sukari Babyfacial™ AHA + BHA Mask,https://www.sephora.com/product/t-l-c-sukari-babyfacial-P415777?skuId=1912385,anti aging ,concerns,5,5,5,5,0,5,5,4,0,0,4.0,5.0,5,5,Lightweight Mask,0.0,0.0,5.0
73,Virgin Marula Luxury Face Oil,https://www.sephora.com/product/virgin-marula-tm-luxury-facial-oil-P392245?skuId=1679315,anti aging ,concerns,5,5,5,5,0,0,5,0,0,0,0.0,5.0,5,0,"oil , vegan",0.0,5.0,0.0
74,T.L.C. Framboos™ Glycolic Resurfacing Night Serum,https://www.sephora.com/product/t-l-c-framboos-tm-glycolic-night-serum-P392246?skuId=2427714,anti aging ,concerns,5,5,5,5,0,0,5,5,0,0,4.0,5.0,0,5,Lightweight Serum,0.0,0.0,0.0
75,Protini™ Polypeptide Moisturizer,https://www.sephora.com/product/protini-tm-polypeptide-cream-P427421?skuId=2025633,anti aging ,concerns,5,5,5,5,0,0,0,0,0,0,0.0,0.0,5,0,,0.0,5.0,0.0
76,C-Tango™ Vitamin C Eye Cream,https://www.sephora.com/product/c-tango-multivitamin-eye-cream-P429515?skuId=2062081,anti aging ,concerns,5,5,5,5,0,0,5,0,0,0,0.0,5.0,5,0,cream,0.0,0.0,0.0
77,Shaba Complex™ Firming Eye Serum,https://www.sephora.com/product/shaba-complex-eye-serum-P419223?skuId=1955640,anti aging ,concerns,5,5,5,5,0,0,0,0,0,0,0.0,0.0,5,0,Serum,0.0,0.0,0.0
78,Lippe Balm,https://www.sephora.com/product/lippe-tm-P403818?skuId=1766930,anti aging ,concerns,5,5,5,5,0,0,5,0,0,0,0.0,5.0,5,0,Avocado Oil,0.0,0.0,0.0
79,Umbra Sheer™ Physical Daily Defense SPF 30,https://www.sephora.com/product/umbra-tm-sheer-physical-daily-defense-broad-spectrum-sunscreen-spf-30-P419222?skuId=2170330,anti aging ,concerns,5,5,5,5,0,0,5,0,0,0,0.0,5.0,0,0,Lightweight Cream,0.0,5.0,5.0
80,Facial Treatment Essence (Pitera Essence),https://www.sephora.com/product/facial-treatment-essence-P375849?skuId=1850346,anti aging ,concerns,5,5,5,5,0,4,0,5,0,0,3.0,0.0,0,4,Lightweight Liquid,0.0,5.0,0.0
81,100 percent Pure Argan Oil,https://www.sephora.com/product/100-percent-pure-argan-oil-P218700?skuId=1121797,anti aging ,concerns,5,5,5,5,0,0,5,0,0,0,0.0,5.0,5,0,Pure Argan Oil 100%,0.0,0.0,0.0
82,Argan Infinity Cream Intensive Creamy Oil,https://www.sephora.com/product/argan-infinity-cream-intensive-creamy-oil-P377570?skuId=1488733,anti aging ,concerns,0,5,5,5,5,0,0,0,0,0,0.0,0.0,5,0,,0.0,5.0,0.0
83,100 percent Pure Argan Oil Light,https://www.sephora.com/product/100-pure-argan-oil-light-P380805?skuId=1548270,anti aging ,concerns,5,5,5,0,5,5,0,4,0,0,5.0,0.0,5,4,,0.0,0.0,0.0
84,Vinoperfect Radiance Dark Spot Serum,https://www.sephora.com/product/vinoperfect-radiance-serum-P94421?skuId=2459261,anti aging ,concerns,0,0,5,5,0,0,0,0,0,0,0.0,0.0,0,0,Lightweight Serum,0.0,5.0,5.0
85,Facial Radiance Pads,https://www.sephora.com/product/facial-radiance-pads-P278317?skuId=1309608,anti aging ,concerns,0,5,5,5,0,5,0,5,0,0,2.0,0.0,0,2,Wipes,0.0,5.0,5.0
86,Hello FAB Coconut Skin Smoothie Priming Moisturizer,https://www.sephora.com/product/hello-fab-coconut-skin-smoothie-priming-moisturizer-P415237?skuId=1892488,anti aging ,concerns,0,5,0,5,0,0,5,5,0,0,3.0,5.0,5,3,Lightweight Lotion,0.0,0.0,0.0
87,Glycolic Acid 7% Exfoliating Toning Solution,https://www.sephora.com/product/the-ordinary-deciem-glycolic-acid-7-toning-solution-P427406?skuId=2031508,dark spots,concerns,5,5,5,5,0,0,0,0,0,0,0.0,0.0,0,0,Free of parabens,0.0,5.0,0.0
88,Vitamin C Suspension 23% + HA Spheres 2%,https://www.sephora.com/product/the-ordinary-deciem-vitamin-c-suspension-23-ha-spheres-2-P427410?skuId=2031466,dark spots,concerns,5,5,5,5,0,0,5,0,0,3,0.0,0.0,0,0,,0.0,0.0,0.0
89,Good Genes All-In-One AHA Lactic Acid Treatment,https://www.sephora.com/product/good-genes-all-in-one-lactic-acid-treatment-P309308?skuId=1887298,dark spots,concerns,5,5,5,5,0,3,5,5,0,0,3.0,5.0,0,3,Purified Lactic Acid,0.0,0.0,5.0
90,Kombucha Antioxidant Facial Treatment Essence,https://www.sephora.com/product/black-tea-kombucha-facial-treatment-essence-P428628?skuId=2044949,dark spots,concerns,5,5,5,5,0,0,5,2,0,0,2.0,5.0,0,2,Lightweight Liquid,0.0,5.0,5.0
91,A-Passioni™ Retinol Cream,https://www.sephora.com/product/a-passioni-retinol-cream-P439926?skuId=2429694,dark spots,concerns,5,5,5,5,0,0,5,0,0,0,2.0,5.0,0,2,Cream,0.0,5.0,5.0
92,T.L.C. Sukari Babyfacial™ AHA + BHA Mask,https://www.sephora.com/product/t-l-c-sukari-babyfacial-P415777?skuId=1912385,dark spots,concerns,5,5,5,5,0,3,5,3,8,8,3.0,5.0,0,2,Lightweight Mask,0.0,5.0,5.0
93,T.L.C. Framboos™ Glycolic Resurfacing Night Serum,https://www.sephora.com/product/t-l-c-framboos-tm-glycolic-night-serum-P392246?skuId=2427714,dark spots,concerns,5,5,5,5,0,0,5,5,0,0,3.0,5.0,0,3,Lightweight Serum,0.0,5.0,0.0
94,Protini™ Polypeptide Moisturizer,https://www.sephora.com/product/protini-tm-polypeptide-cream-P427421?skuId=2025633,dark spots,concerns,5,5,5,5,0,0,0,0,0,0,0.0,0.0,5,0,vegan,0.0,5.0,0.0
95,Shaba Complex™ Firming Eye Serum,https://www.sephora.com/product/shaba-complex-eye-serum-P419223?skuId=1955640,dark spots,concerns,5,5,5,5,0,0,0,0,0,0,3.0,0.0,5,3,Serum,0.0,0.0,0.0
96,Umbra Sheer™ Physical Daily Defense SPF 30,https://www.sephora.com/product/umbra-tm-sheer-physical-daily-defense-broad-spectrum-sunscreen-spf-30-P419222?skuId=2170330,dark spots,concerns,5,5,5,5,0,2,5,4,0,0,2.0,5.0,0,3,Lightweight Cream,0.0,5.0,5.0
97,Facial Treatment Essence (Pitera Essence),https://www.sephora.com/product/facial-treatment-essence-P375849?skuId=1850346,dark spots,concerns,5,5,5,5,0,0,0,5,0,0,3.0,0.0,3,3,Lightweight Liquid,0.0,5.0,5.0
98,AHA 30% + BHA 2% Exfoliating Peeling Solution,https://www.sephora.com/product/aha-30-bha-2-peeling-solution-P442563?skuId=2210607,pores,concerns,5,0,5,5,0,5,0,2,0,0,2.0,0.0,0,0,Liquid,0.0,5.0,0.0
99,Watermelon Glow PHA +BHA Pore-Tight Toner,https://www.sephora.com/product/glow-recipe-watermelon-glow-pha-bha-pore-tight-toner-P458219?skuId=2348431,pores,concerns,5,5,5,5,0,0,0,5,0,0,2.0,0.0,0,3,Lightweight Liquid,0.0,5.0,0.0
100,Watermelon + AHA Glow Sleeping Mask,https://www.sephora.com/product/watermelon-glow-sleeping-mask-P420160?skuId=1955764,pores,concerns,5,5,5,5,0,0,0,5,0,0,5.0,0.0,0,5,Lightweight Mask,0.0,0.0,0.0
101,T.L.C. Sukari Babyfacial™ AHA + BHA Mask,https://www.sephora.com/product/t-l-c-sukari-babyfacial-P415777?skuId=1912385,pores,concerns,5,5,5,5,0,0,5,5,0,0,3.0,0.0,0,3,Lightweight Mask,0.0,0.0,5.0
102,T.L.C. Framboos™ Glycolic Resurfacing Night Serum,https://www.sephora.com/product/t-l-c-framboos-tm-glycolic-night-serum-P392246?skuId=2427714,pores,concerns,5,5,5,5,0,0,5,5,0,0,3.0,4.0,0,3,Lightweight Serum,0.0,5.0,0.0
103,Protini™ Polypeptide Moisturizer,https://www.sephora.com/product/protini-tm-polypeptide-cream-P427421?skuId=2025633,pores,concerns,5,5,5,5,0,0,0,0,0,0,0.0,0.0,5,0,vegan,0.0,5.0,0.0
104,Beste™ No. 9 Jelly Cleanser,https://www.sephora.com/product/beste-no-9-jelly-cleanser-P426836?skuId=2022598,pores,concerns,5,5,5,5,0,0,0,0,0,0,0.0,0.0,0,0,Lightweight Gel,5.0,0.0,0.0
105,The Water Cream Oil-Free Pore Minimizing Moisturizer,https://www.sephora.com/product/the-water-cream-P418218?skuId=1932920,pores,concerns,5,0,5,5,5,0,0,5,0,0,3.0,0.0,0,3,oil-free,0.0,5.0,0.0
106,The Liquid Silk Canvas: Featherweight Protective Primer,https://www.sephora.com/product/tatcha-the-liquid-silk-canvas-featherweight-protective-primer-P456446?skuId=2339711,pores,concerns,5,5,5,5,0,0,0,5,0,0,3.0,0.0,0,3,Liquid,5.0,5.0,0.0
107,The Deep Cleanse Gentle Exfoliating Cleanser,https://www.sephora.com/product/the-deep-cleanse-P427536?skuId=2468916,pores,concerns,5,0,5,5,5,0,0,5,0,0,5.0,0.0,5,3,A daily gel cleanser,0.0,0.0,0.0
108,The Silk Canvas Protective Primer,https://www.sephora.com/product/the-silk-canvas-P428661?skuId=1970235,pores,concerns,5,5,5,5,5,0,0,5,0,0,5.0,0.0,0,5,,0.0,0.0,0.0
109,Good Genes All-In-One AHA Lactic Acid Treatment,https://www.sephora.com/product/good-genes-all-in-one-lactic-acid-treatment-P309308?skuId=1887298,pores,concerns,5,5,5,5,0,0,5,5,0,0,2.0,4.0,0,3,Purified Lactic Acid,0.0,0.0,5.0
110,U.F.O. Salicylic Acid BHA Acne Treatment Face Oil,https://www.sephora.com/product/u-f-o-ultra-clarifying-face-oil-P410400?skuId=1842251,pores,concerns,5,5,5,5,5,5,0,5,0,0,3.0,0.0,0,4,,0.0,0.0,0.0
111,Soy Makeup Removing Face Wash,https://www.sephora.com/product/soy-face-cleanser-P7880?skuId=2367829,pores,concerns,5,5,5,5,0,0,0,0,0,0,0.0,0.0,5,0,Lightweight Gel,0.0,5.0,0.0
112,Rose & Hyaluronic Acid Deep Hydration Toner,https://www.sephora.com/product/rose-deep-hydration-facial-toner-P417936?skuId=1924901,pores,concerns,5,5,5,5,0,0,0,0,0,0,0.0,0.0,6,0,Lightweight Liquid,0.0,5.0,0.0
113,Kombucha Antioxidant Facial Treatment Essence,https://www.sephora.com/product/black-tea-kombucha-facial-treatment-essence-P428628?skuId=2044949,pores,concerns,5,5,5,5,0,0,5,0,0,0,0.0,0.0,0,0,Lightweight Liquid,0.0,5.0,5.0
114,The True Cream Aqua Bomb,https://www.sephora.com/product/the-true-cream-aqua-bomb-P394639?skuId=1686427,pores,concerns,5,5,5,5,0,0,0,0,0,0,0.0,0.0,5,0,Lightweight Gel,0.0,5.0,0.0
115,Daily Microfoliant Exfoliator,https://www.sephora.com/product/daily-microfoliant-P423688?skuId=2002087,pores,concerns,5,0,5,5,0,5,0,5,0,0,5.0,0.0,0,4,Lightweight Gel,0.0,0.0,0.0
116,Precleanse Cleansing Oil,https://www.sephora.com/product/precleanse-P423148?skuId=2002079,pores,concerns,5,5,5,5,0,5,0,5,0,0,4.0,0.0,0,4,Lightweight Oil,5.0,0.0,3.0
117,Clear Improvement® Active Charcoal Mask to Clear Pores,https://www.sephora.com/product/clear-improvement-active-charcoal-mask-to-clear-pores-P297524?skuId=2175370,pores,concerns,5,5,5,5,0,0,0,5,0,0,5.0,0.0,0,3,,0.0,0.0,0.0
118,Blue Tansy BHA and Enzyme Pore Refining Mask,https://www.sephora.com/product/blue-tansy-aha-bha-resurfacing-clarity-mask-P400207?skuId=1754589,pores,concerns,5,0,5,5,0,3,0,5,0,0,2.0,0.0,0,3,vegan,0.0,5.0,0.0
119,Lapis Blue Tansy Face Oil - For Oily & Acne-Prone Skin,https://www.sephora.com/product/lapis-oil-balancing-facial-oil-P400203?skuId=1754613,pores,concerns,5,0,5,5,0,0,0,5,0,0,5.0,0.0,0,4,Oil,5.0,0.0,0.0
120,Ultra Repair® Cream Intense Hydration,https://www.sephora.com/product/ultra-repair-cream-intense-hydration-P248407?skuId=1217744,dryness,concerns,0,5,5,5,0,0,5,0,0,0,0.0,0.0,5,0,"Colloidal Oatmeal (OTC), vegan",5.0,0.0,0.0
121,Hello FAB Coconut Water Cream,https://www.sephora.com/product/coconut-water-cream-P426707?skuId=2532067,dryness,concerns,5,0,5,0,0,0,5,0,0,0,5.0,3.0,0,2,Cream,0.0,0.0,0.0
122,Hyaluronic Acid 2% + B5 Hydrating Serum,https://www.sephora.com/product/the-ordinary-deciem-hyaluronic-acid-2-b5-P427419?skuId=2031375,dryness,concerns,5,5,5,5,5,0,0,0,0,0,0.0,0.0,5,0,,0.0,0.0,0.0
123,Natural Moisturizing Factors + HA,https://www.sephora.com/product/the-ordinary-deciem-natural-moisturizing-factors-ha-P427414?skuId=2031425,dryness,concerns,5,5,5,5,5,0,0,0,0,0,0.0,0.0,5,0,,0.0,0.0,0.0
124,Buffet Anti-Aging Serum,https://www.sephora.com/product/the-ordinary-deciem-buffet-P427420?skuId=2031367,dryness,concerns,5,5,5,5,0,0,5,0,0,0,0.0,5.0,5,0,Serum,0.0,0.0,0.0
125,B-Hydra™ Intensive Hydration Serum,https://www.sephora.com/product/b-hydra-intensive-hydration-gel-P406712?skuId=1785856,dryness,concerns,5,5,5,5,0,0,5,0,0,0,0.0,5.0,5,0,Lightweight Serum,0.0,5.0,0.0
126,Virgin Marula Luxury Face Oil,https://www.sephora.com/product/virgin-marula-tm-luxury-facial-oil-P392245?skuId=1679315,dryness,concerns,5,5,5,5,0,0,5,0,5,0,0.0,3.0,5,0,Oil,0.0,5.0,0.0
127,Lala Retro™ Whipped Moisturizer with Ceramides,https://www.sephora.com/product/drunk-elephant-lala-retro-whipped-moisturizer-with-ceramides-P446938?skuId=2233849,dryness,concerns,5,5,5,5,0,0,5,0,0,0,0.0,5.0,5,0,Rich Cream,0.0,0.0,0.0
128,Protini™ Polypeptide Moisturizer,https://www.sephora.com/product/protini-tm-polypeptide-cream-P427421?skuId=2025633,dryness,concerns,5,5,5,5,0,0,0,0,0,0,,0.0,5,0,,0.0,5.0,0.0
129,Slaai™ Makeup-Melting Butter Cleanser,https://www.sephora.com/product/slaai-makeup-melting-butter-cleanser-P442566?skuId=2170355,dryness,concerns,5,5,5,5,0,0,0,0,0,0,0.0,0.0,5,0,Rich Oil,5.0,5.0,0.0
130,C-Tango™ Vitamin C Eye Cream,https://www.sephora.com/product/c-tango-multivitamin-eye-cream-P429515?skuId=2062081,dryness,concerns,5,5,5,5,0,0,5,0,0,0,0.0,3.0,5,0,Cream,0.0,0.0,0.0
131,Shaba Complex™ Firming Eye Serum,https://www.sephora.com/product/shaba-complex-eye-serum-P419223?skuId=1955640,dryness,concerns,5,5,5,5,0,0,0,0,0,0,0.0,0.0,5,0,Serum,0.0,0.0,0.0
132,Umbra Sheer™ Physical Daily Defense SPF 30,https://www.sephora.com/product/umbra-tm-sheer-physical-daily-defense-broad-spectrum-sunscreen-spf-30-P419222?skuId=2170330,dryness,concerns,5,5,5,5,0,0,5,0,0,0,0.0,3.0,0,0,Lightweight Cream,0.0,5.0,5.0
133,Plum Plump™ Hyaluronic Acid Serum,https://www.sephora.com/product/glow-recipe-plum-plump-hyaluronic-acid-serum-P462699?skuId=2493534,dryness,concerns,5,5,5,5,0,0,5,0,0,0,0.0,5.0,5,0,Lightweight Serum,0.0,0.0,0.0
134,Watermelon Pink Juice Oil-Free Moisturizer,https://www.sephora.com/product/watermelon-pink-juice-moisturizer-P428819?skuId=2049286,dryness,concerns,5,5,5,5,0,0,5,0,0,0,0.0,4.0,5,0,Lightweight Gel,5.0,0.0,0.0
135,Watermelon Glow Ultra-Fine Mist,https://www.sephora.com/product/watermelon-glow-ultra-fine-mist-P442744?skuId=2207231,dryness,concerns,5,5,5,5,0,0,0,0,0,0,0.0,0.0,5,0,Lightweight Liquid,5.0,5.0,0.0
136,Banana Soufflé Moisture Cream,https://www.sephora.com/product/glow-recipe-banana-souffle-moisture-cream-P453223?skuId=2303667,dryness,concerns,5,5,5,5,0,0,0,0,0,0,0.0,0.0,5,0,Lightweight Cream,5.0,0.0,0.0
137,The Dewy Skin Cream Plumping & Hydrating Moisturizer,https://www.sephora.com/product/the-dewy-skin-cream-P441101?skuId=2181006,dryness,concerns,0,5,0,5,0,0,0,0,0,0,0.0,0.0,5,0,Rich Cream,0.0,5.0,0.0
138,The Rice Wash Skin-Softening Cleanser,https://www.sephora.com/product/tatcha-the-rice-wash-skin-softening-cleanser-P461537?skuId=2382232,CS50 sci staff,concerns,0,5,5,5,0,0,0,0,0,0,0.0,0.0,5,0,Cream,0.0,0.0,0.0
139,The Water Cream Oil-Free Pore Minimizing Moisturizer,https://www.sephora.com/product/the-water-cream-P418218?skuId=1932920,"Monday, January 10 · 6:00 – 6:25pm",concerns,5,5,5,5,5,2,0,5,0,0,0.0,0.0,5,3,oil-free,0.0,5.0,0.0
140,Hyaluronic Acid Hydrating Serum,https://www.sephora.com/product/hyaluronic-acid-serum-P443845?skuId=2211464,Google Meet joining info,concerns,5,5,5,5,0,0,5,0,0,0,0.0,5.0,5,0,Lightweight Liquid,0.0,5.0,0.0
141,Polyglutamic Acid Hydrating Serum,https://www.sephora.com/product/polyglutamic-acid-P443830?skuId=2211639,Video call link: https://meet.google.com/awx-oajy-xyj,concerns,5,5,5,5,0,0,5,0,0,0,0.0,5.0,5,0,Lightweight Serum,0.0,5.0,0.0
142,The True Cream Aqua Bomb,https://www.sephora.com/product/the-true-cream-aqua-bomb-P394639?skuId=1686427,dryness,concerns,5,5,5,5,0,0,0,0,0,0,0.0,,5,0,Lightweight Gel,0.0,5.0,0.0
143,Hungarian Water Essence,https://www.sephora.com/product/hungarian-water-essence-P394633?skuId=1686351,dryness,concerns,5,5,5,5,5,0,0,0,0,0,0.0,0.0,5,0,,0.0,0.0,0.0
144,Buffet Anti-Aging Serum,https://www.sephora.com/product/the-ordinary-deciem-buffet-P427420?skuId=2031367,fine lines & wrinkles ,concerns,5,5,5,5,0,0,5,0,0,0,0.0,5.0,5,0,Serum,0.0,0.0,0.0
145,Lactic Acid 10% + HA 2% Exfoliating Serum,https://www.sephora.com/product/the-ordinary-deciem-lactic-acid-10-ha-2-P427413?skuId=2031433,fine lines & wrinkles ,concerns,5,5,5,5,0,0,5,0,0,0,0.0,5.0,0,0,"vegan, gluten-free",0.0,5.0,0.0
146,Vitamin C Suspension 23% + HA Spheres 2%,https://www.sephora.com/product/the-ordinary-deciem-vitamin-c-suspension-23-ha-spheres-2-P427410?skuId=2031466,fine lines & wrinkles ,concerns,5,5,5,5,0,0,5,0,0,3,0.0,5.0,0,0,,0.0,0.0,0.0
147,Soy Makeup Removing Face Wash,https://www.sephora.com/product/soy-face-cleanser-P7880?skuId=2367829,fine lines & wrinkles ,concerns,5,5,5,5,0,0,0,0,0,0,0.0,0.0,6,0,Lightweight Gel,0.0,5.0,0.0
148,Lotus Anti-Aging Night Moisturizer,https://www.sephora.com/product/lotus-youth-preserve-dream-face-cream-P440312?skuId=2175560,fine lines & wrinkles ,concerns,5,5,5,5,0,0,5,0,0,0,0.0,5.0,5,0,Lightweight Cream,0.0,5.0,0.0
149,Kombucha Antioxidant Facial Treatment Essence,https://www.sephora.com/product/black-tea-kombucha-facial-treatment-essence-P428628?skuId=2044949,fine lines & wrinkles ,concerns,5,5,5,5,0,0,5,0,0,0,0.0,5.0,0,0,Lightweight Liquid,0.0,5.0,5.0
150,Rose Deep Hydration Sleeping Mask,https://www.sephora.com/product/rose-deep-hydration-sleeping-mask-P442858?skuId=2211167,fine lines & wrinkles ,concerns,5,5,5,5,0,0,5,0,0,0,0.0,5.0,5,0,Mask,0.0,0.0,0.0
151,Rose Face Mask,https://www.sephora.com/product/rose-face-mask-P12336?skuId=562090,fine lines & wrinkles ,concerns,5,5,5,5,0,0,0,0,0,0,0.0,0.0,5,0,Lightweight Mask,0.0,5.0,0.0
152,Black Tea Instant Perfecting Mask,https://www.sephora.com/product/black-tea-instant-perfecting-mask-P217513?skuId=1100742,fine lines & wrinkles ,concerns,5,5,5,5,0,0,0,0,0,0,0.0,0.0,5,0,Mask,0.0,5.0,0.0
153,The Dewy Skin Cream Plumping & Hydrating Moisturizer,https://www.sephora.com/product/the-dewy-skin-cream-P441101?skuId=2181006,fine lines & wrinkles ,concerns,0,5,0,5,0,0,0,0,0,0,0.0,0.0,5,0,Rich Cream,0.0,5.0,0.0
154,The Water Cream Oil-Free Pore Minimizing Moisturizer,https://www.sephora.com/product/the-water-cream-P418218?skuId=1932920,fine lines & wrinkles ,concerns,5,5,5,5,5,0,0,5,0,0,0.0,0.0,5,2,oil-free,0.0,5.0,0.0
155,D-Bronzi™ Anti-Pollution Bronzing Drops,https://www.sephora.com/product/d-bronzi-tm-anti-pollution-sunshine-serum-P432668?skuId=2404721,fine lines & wrinkles ,concerns,5,5,5,5,0,0,5,2,0,9,3.0,3.0,0,2,Lightweight Liquid,0.0,5.0,5.0
156,T.L.C. Sukari Babyfacial™ AHA + BHA Mask,https://www.sephora.com/product/t-l-c-sukari-babyfacial-P415777?skuId=1912385,fine lines & wrinkles ,concerns,5,5,5,5,0,5,5,5,0,0,5.0,5.0,0,4,Lightweight Mask,0.0,0.0,4.0
157,C-Firma™ Fresh Day Serum,https://www.sephora.com/product/c-firma-day-serum-P400259?skuId=2464949,fine lines & wrinkles ,concerns,5,5,5,5,0,0,5,0,0,0,0.0,4.0,0,0,Lightweight Serum,0.0,5.0,0.0
158,T.L.C. Framboos™ Glycolic Resurfacing Night Serum,https://www.sephora.com/product/t-l-c-framboos-tm-glycolic-night-serum-P392246?skuId=2427714,fine lines & wrinkles ,concerns,5,5,5,5,0,4,5,5,0,0,3.0,3.0,0,3,Lightweight Serum,0.0,5.0,0.0
159,Virgin Marula Luxury Face Oil,https://www.sephora.com/product/virgin-marula-tm-luxury-facial-oil-P392245?skuId=1679315,fine lines & wrinkles ,concerns,5,5,5,5,0,0,5,0,0,0,0.0,4.0,5,0,Oil,0.0,5.0,0.0
160,Protini™ Polypeptide Moisturizer,https://www.sephora.com/product/protini-tm-polypeptide-cream-P427421?skuId=2025633,fine lines & wrinkles ,concerns,5,5,5,5,0,0,0,0,0,0,0.0,0.0,5,0,vegan,0.0,5.0,0.0
161,C-Tango™ Vitamin C Eye Cream,https://www.sephora.com/product/c-tango-multivitamin-eye-cream-P429515?skuId=2062081,fine lines & wrinkles ,concerns,5,5,5,5,0,0,5,0,0,0,0.0,3.0,5,0,Cream,0.0,0.0,0.0
162,Shaba Complex™ Firming Eye Serum,https://www.sephora.com/product/shaba-complex-eye-serum-P419223?skuId=1955640,fine lines & wrinkles ,concerns,5,5,5,5,0,0,0,0,0,0,0.0,0.0,5,0,Serum,0.0,0.0,0.0
163,Lippe Balm,https://www.sephora.com/product/lippe-tm-P403818?skuId=1766930,fine lines & wrinkles ,concerns,5,5,5,5,0,0,5,0,0,0,0.0,5.0,5,0,Avocado Oil,0.0,0.0,0.0
164,Umbra Tinte™ Physical Daily Defense SPF 30,https://www.sephora.com/product/umbra-tinte-tm-physical-daily-defense-broad-spectrum-sunscreen-spf-30-P419221?skuId=2170348,fine lines & wrinkles ,concerns,5,5,5,5,0,0,5,0,0,0,0.0,5.0,0,0,Lightweight Cream,0.0,5.0,5.0
165,Estee Lauder Advanced Night Repair Synchronized Multi-Recovery Complex Serum,https://www.sephora.com/product/estee-lauder-advanced-night-repair-synchronized-multi-recovery-complex-P461159?skuId=2379683,fine lines & wrinkles ,concerns,5,5,5,5,0,0,5,0,0,0,0.0,4.0,0,0,Serum,0.0,5.0,0.0
166,Perfectionist CP+R Wrinkle Lifting/Firming Serum,https://www.sephora.com/product/perfectionist-cp-r-wrinkle-lifting-firming-serum-P379995?skuId=1468230,fine lines & wrinkles ,concerns,5,5,5,5,0,3,5,5,0,0,2.0,3.0,0,3,Serum,0.0,0.0,0.0
167,Glycolic Acid 7% Exfoliating Toning Solution,https://www.sephora.com/product/the-ordinary-deciem-glycolic-acid-7-toning-solution-P427406?skuId=2031508,dullness,concerns,5,5,5,5,0,0,0,0,0,0,0.0,0.0,0,0,Glycolic Acid,0.0,5.0,0.0
168,Lactic Acid 10% + HA 2% Exfoliating Serum,https://www.sephora.com/product/the-ordinary-deciem-lactic-acid-10-ha-2-P427413?skuId=2031433,dullness,concerns,5,5,5,5,0,0,5,0,0,0,0.0,3.0,0,0,vegan,0.0,5.0,0.0
169,Granactive Retinoid* 2% Emulsion,https://www.sephora.com/product/the-ordinary-deciem-granactive-retinoid-2-emulsion-P427418?skuId=2031383,dullness,concerns,5,5,5,5,5,0,5,0,0,0,0.0,4.0,0,0,serum,0.0,5.0,0.0
170,Buffet Anti-Aging Serum,https://www.sephora.com/product/the-ordinary-deciem-buffet-P427420?skuId=2031367,dullness,concerns,5,5,5,5,0,0,5,0,0,0,0.0,4.0,5,0,Serum,0.0,0.0,0.0
171,Azelaic Acid 10% Suspension Brightening Cream,https://www.sephora.com/product/the-ordinary-deciem-azelaic-acid-suspension-10-P427411?skuId=2031458,dullness,concerns,5,5,5,5,0,2,0,5,0,0,3.0,0.0,0,3,Cream,0.0,5.0,0.0
172,Vitamin C Suspension 23% + HA Spheres 2%,https://www.sephora.com/product/the-ordinary-deciem-vitamin-c-suspension-23-ha-spheres-2-P427410?skuId=2031466,dullness,concerns,5,5,5,5,0,0,5,0,0,3,0.0,3.0,0,0,,0.0,0.0,0.0
173,Superberry Hydrate + Glow Dream Mask with Vitamin C,https://www.sephora.com/product/superberry-hydrate-glow-dream-mask-P440307?skuId=2180941,dullness,concerns,5,5,5,5,0,0,5,0,0,0,0.0,4.0,5,0,Rich Mask,0.0,5.0,0.0
174,Alpha Beta® Extra Strength Daily Peel,https://www.sephora.com/product/alpha-beta-peel-extra-strength-daily-peel-P269122?skuId=1499482,dullness,concerns,5,5,5,5,0,5,5,5,0,0,3.0,3.0,0,3,Wipes,0.0,5.0,0.0
175,Alpha Beta® Universal Daily Peel,https://www.sephora.com/product/alpha-beta-universal-daily-peel-P377533?skuId=1499474,dullness,concerns,5,5,5,5,0,5,5,5,0,0,3.0,3.0,0,3,Wipes,0.0,5.0,0.0
176,Clinical Grade Resurfacing Liquid Peel,https://www.sephora.com/product/clinical-grade-resurfacing-liquid-peel-P442005?skuId=2185452,dullness,concerns,5,5,5,5,0,3,5,5,0,0,3.0,3.0,0,3,Lightweight Liquid,0.0,5.0,0.0
177,Alpha Beta® Ultra Gentle Daily Peel for Sensitive Skin,https://www.sephora.com/product/alpha-beta-ultra-gentle-daily-peel-sensitive-skin-P398761?skuId=1722487,dullness,concerns,0,0,0,0,5,0,5,5,0,0,2.0,5.0,0,2,,0.0,0.0,0.0
178,Facial Treatment Essence (Pitera Essence),https://www.sephora.com/product/facial-treatment-essence-P375849?skuId=1850346,dullness,concerns,5,5,5,5,0,5,0,3,0,0,2.0,0.0,0,2,Lightweight Liquid,0.0,5.0,5.0
179,Pitera Facial Treatment Mask,https://www.sephora.com/product/facial-treatment-mask-P375852?skuId=1448463,dullness,concerns,5,5,5,5,5,0,0,0,0,0,0.0,0.0,0,0,,0.0,5.0,0.0
180,GenOptics Aura Essence Serum,https://www.sephora.com/product/genoptics-aura-essence-P410756?skuId=1863208,dullness,concerns,5,5,5,5,5,0,0,0,0,0,0.0,0.0,0,0,,0.0,5.0,5.0
181,D-Bronzi™ Anti-Pollution Bronzing Drops,https://www.sephora.com/product/d-bronzi-tm-anti-pollution-sunshine-serum-P432668?skuId=2404721,dullness,concerns,5,5,5,5,0,0,5,0,0,0,0.0,4.0,0,0,,0.0,5.0,5.0
182,B-Hydra™ Intensive Hydration Serum,https://www.sephora.com/product/b-hydra-intensive-hydration-gel-P406712?skuId=1785856,dullness,concerns,5,5,5,5,0,0,5,0,0,0,0.0,5.0,5,0,Lightweight Serum,0.0,5.0,0.0
183,A-Passioni™ Retinol Cream,https://www.sephora.com/product/a-passioni-retinol-cream-P439926?skuId=2429694,dullness,concerns,5,5,5,5,0,0,5,0,0,0,0.0,5.0,0,0,Cream,0.0,5.0,5.0
184,T.L.C. Sukari Babyfacial™ AHA + BHA Mask,https://www.sephora.com/product/t-l-c-sukari-babyfacial-P415777?skuId=1912385,dullness,concerns,5,5,5,5,0,3,5,5,0,0,3.0,5.0,0,4,Lightweight Mask,0.0,0.0,5.0
185,Virgin Marula Luxury Face Oil,https://www.sephora.com/product/virgin-marula-tm-luxury-facial-oil-P392245?skuId=1679315,dullness,concerns,5,5,5,5,0,0,5,0,0,0,0.0,5.0,5,0,Oil,0.0,5.0,0.0
186,C-Firma™ Fresh Day Serum,https://www.sephora.com/product/c-firma-day-serum-P400259?skuId=2464949,dullness,concerns,5,5,5,5,0,0,5,0,0,0,0.0,3.0,0,0,Lightweight Serum,0.0,5.0,0.0
187,T.L.C. Framboos™ Glycolic Resurfacing Night Serum,https://www.sephora.com/product/t-l-c-framboos-tm-glycolic-night-serum-P392246?skuId=2427714,dullness,concerns,5,5,5,5,0,3,5,5,0,0,2.0,3.0,0,2,Lightweight Serum,0.0,5.0,0.0
188,Protini™ Polypeptide Moisturizer,https://www.sephora.com/product/protini-tm-polypeptide-cream-P427421?skuId=2025633,dullness,concerns,5,5,5,5,0,0,0,0,0,0,0.0,0.0,5,0,vegan,0.0,5.0,0.0
189,C-Tango™ Vitamin C Eye Cream,https://www.sephora.com/product/c-tango-multivitamin-eye-cream-P429515?skuId=2062081,dullness,concerns,5,5,5,5,0,0,5,0,0,0,0.0,3.0,5,0,Cream,0.0,0.0,0.0
190,Shaba Complex™ Firming Eye Serum,https://www.sephora.com/product/shaba-complex-eye-serum-P419223?skuId=1955640,dullness,concerns,5,5,5,5,0,0,0,0,0,0,0.0,0.0,5,0,Serum,0.0,0.0,0.0
191,Umbra Tinte™ Physical Daily Defense SPF 30,https://www.sephora.com/product/umbra-tinte-tm-physical-daily-defense-broad-spectrum-sunscreen-spf-30-P419221?skuId=2170348,dullness,concerns,5,5,5,5,0,2,5,2,0,0,2.0,4.0,0,0,Lightweight Cream,0.0,5.0,5.0
192,Umbra Sheer™ Physical Daily Defense SPF 30,https://www.sephora.com/product/umbra-tm-sheer-physical-daily-defense-broad-spectrum-sunscreen-spf-30-P419222?skuId=2170330,dullness,concerns,5,5,5,5,0,2,5,2,0,0,2.0,4.0,0,0,Lightweight Cream,0.0,5.0,5.0
